{
   "skeleton" : {
      "root": [10,12.5,0],
      "torso": [10,13.5,7.5],
      "rightFrontLeg": [7.5,10,7.00573],
      "rightFrontPaw": [7.5,9.95411,2.02875],
      "rightBackLeg": [7.5,16.5148,6.43634],
      "rightBackPaw": [7.5,18.4632,3.42354],
      "leftFrontLeg": [12.5,10,7.00573],
      "leftFrontPaw": [12.5,9.95411,2.02875],
      "leftBackLeg": [12.5,16.5148,6.43634],
      "leftBackPaw": [12.5,18.4632,3.42354],
      "neck": [10,12.9338,8.54098],
      "head": [10,11.0077,10.0362],
      "tail0": [10.5,19.9807,5.5],
      "tail1": [10.5,22.5097,5.43897]
    },
   "effects_root" : "file(effects)",
   "animation_root" : "file(animations)",
   "postures" : "file(postures.json)"
}