{
   "skeleton" : {
      "root": [10.5,14,0],
      "bodyBack": [10.5,14.3528,10],
      "bodyFront": [10.5,14.3255,10.5],
      "rightFrontLeg": [7.5,10,9.97293],
      "rightFrontFoot": [7.5,7.93504,4.99721],
      "head": [10.5,7.8971,11.6537],
      "rightEar": [7.49936,4.5,12.5],
      "leftEar": [13.4603,4.5,12.5],
      "leftFrontLeg": [13.5,10,9.97293],
      "leftFrontFoot": [13.5,7.93504,4.99721],
      "rightBackLeg": [7.5,19,10.0079],
      "rightBackFoot": [7.5,20.9828,4.99721],
      "leftBackLeg": [13.5,19,10.0079],
      "leftBackFoot": [13.5,20.9828,4.99721],
      "tail": [10.5,21.414,10]
    },
   "animation_root" : "file(animations)",
   "effects_root" : "file(effects)"
}