{
   "type" : "rig",
	"skeleton": {
		"root": [3.5,5,0],
		"torso": [3.48096,6.5,2.50455],
		"rightPaw": [0.980955,4.02152,0.998277],
		"leftPaw": [5.98096,4.02152,0.998277],
		"rightLeg": [0.980955,8,2.00455],
		"rightBackPaw": [0.980955,9.04286,0.998276],
		"leftLeg": [5.98096,8,2.00455],
		"leftBackPaw": [5.98096,9.04286,0.998276],
		"tail": [3.52923,10,3.00455],
		"head": [3.48096,4.02152,3.71918],
		"rightEar": [0.980955,2.00382,6.01021],
		"leftEar": [5.98096,2.00382,6.01021]
	},
   "effects_root" : "file(effects)"
}
