{
   "type" : "rig",
   "skeleton" : {
         "root": [10.5,16.5,0],
         "lowerBody": [10.5,15.0921,5.94355],
         "tail": [10.5,24.0031,10.4368],
         "rightBackLeg1": [7.5,22,9.96701],
         "rightBackLeg2": [7,23.5,5.02985],
         "rightBackPaw": [6,23.3862,2.58983],
         "leftBackLeg1": [13.5,22,9.96701],
         "leftBackLeg2": [14,23.5,5.02985],
         "leftBackPaw": [15,23.3862,2.58983],
         "body": [10.5,12,11],
         "rightFrontLeg1": [7.5,14,7.00349],
         "rightFrontLeg2": [7.5,15.9717,4.9325],
         "rightFrontPaw": [7,13.9742,1.94885],
         "leftFrontLeg1": [13.5,14,7.00349],
         "leftFrontLeg2": [13.5,15.9717,4.9325],
         "leftFrontPaw": [14,13.9742,1.94885],
         "head": [10.5,9.8012,9.57078],
         "rightEar": [7.5,8.5,9.99211],
         "leftEarh": [13.5,8.5,9.99211]
    },
   "effects_root" : "file(effects)",
   "collision_shape" : {
      "type" : "cylinder_collision_shape",
      "radius" : 5,
      "height" : 35
   }
}