{
   "skeleton" : {
      "root": [15.5,15.5,0],
      "bodyPosition": [15.5,15.5,16],
      "pelvis": [15.5,15.5,16],
      "torso": [15.5,16,19],
      "head": [16.5,16,29],
      "mustache": [15.5,12,29],
      "leftMustache1": [18,12,28.9925],
      "leftMustache2": [18,12,27.0175],
      "rightMustache1": [13,12,28.9925],
      "rightMustach2": [13,12,27.0175],
      "rightMustache3": [13,12,24.9964],
      "rightEyebrow": [13,11.5,34.5],
      "leftEyebrow": [18,11.5,34.5],
      "rightShoulder": [8.5,16,27],
      "rightArm": [9,16.4966,25.0171],
      "rightForeArm": [8.5,16.5,18.0471],
      "rightHand": [7.8219,16.5,11.9758],
      "rightThumb1": [9.5,13.918,10.5213],
      "rightThumb2": [9.5,12.9949,8.02468],
      "rightFinger11": [7.01307,14.5,9.02553],
      "rightFinger12": [6.99723,14.5,5.98057],
      "rightFinger21": [7.01307,16.5,9.02553],
      "rightFinger22": [6.99723,16.5,5.98057],
      "rightFinger31": [7.01307,18.5,9.02553],
      "rightFinger32": [6.99723,18.5,5.98057],
      "leftShoulder": [22.5,16,27],
      "leftArm": [22,16.5,25.0171],
      "leftForeArm": [22.5,16.5,18.0471],
      "leftHand": [23.1169,16.5,12.0099],
      "leftThumb1": [21.5,13.9584,10.463],
      "leftThumb2": [21.5,13.0758,7.9754],
      "leftFinger11": [24.0251,14.5,8.97036],
      "leftFinger12": [23.9924,14.5,6.00573],
      "leftFinger21": [24.0251,16.5,8.97036],
      "leftFinger22": [23.9924,16.5,6.00573],
      "leftFinger31": [24.0251,18.5,8.97036],
      "leftFinger32": [23.9924,18.5,6.00573],
      "rightThigh": [11.5,15,16.0048],
      "rightLeg": [11.5,12.9631,10.0068],
      "rightFoot": [11.5,15,3.5],
      "leftThigh": [19.5,15,16.0048],
      "leftLeg": [19.5,12.9631,10.0068],
      "leftFoot": [19.5,15,3.5]
    },
   "effects_root" : "file(effects)",
   "animation_root" : "file(animations)",
   "postures" : "file(postures.json)",
   "collision_shape" : {
      "type" : "cylinder_collision_shape",
      "radius" : 5,
      "height" : 40
   }
}